subscription_number,name,phone_number,balance,subscription_type,minimum_limit,area
129600,اسامة فضل العثماني,0599013094,123.05,منزلي - أسبوعي,20,شواقفة حارة الشافعي
129601,محمد يوسف سليمان درويش,0592674067,623.00,منزلي - أسبوعي,160,درويش مسجد السنة
129602,عماد يوسف نويجع,0594106569,81.40,منزلي - أسبوعي,20,درويش مدخل
129603,محمد سلامة الغندور,0596696272,494.60,منزلي - أسبوعي,60,درويش مدخل
129604,عبد الكريم محمد درويش,0592050044,35.90,منزلي - أسبوعي,20,درويش مسجد السنة
129605,علاء محمد درويش,0599603780,38.90,منزلي - أسبوعي,20,درويش مسجد السنة
129606,رامي عبد الرحمن هارون,0599601804,6.25,منزلي - أسبوعي,20,شواقفة الأهرام
129607,زياد عبيد سلمان ابو محيسن,0594617705,388.70,منزلي - أسبوعي,60,حميدة
129608,جهاد رائد جهاد احميدة,0599833619,-0.10,منزلي - أسبوعي,20,حميدة
129609,صبري فايز فارس ابو عمر,0597107999,45.45,منزلي - أسبوعي,20,شواقفة الأهرام
129610,مصطفى لطفي إبراهيم حميدة,0592618672,47.85,منزلي - أسبوعي,20,حميدة
129611,اشرف محمد سليمان ابو دحروج,0599464998,-0.35,منزلي - أسبوعي,20,شواقفة حارة الشافعي
129612,احمد فريد سليمان الشافعي,0598603617,0.15,منزلي - أسبوعي,20,
129613,هيثم باسم ابو بطيحان,0597836640,1791.15,منزلي - أسبوعي,20,شواقفة شرقية
129614,ايناس إبراهيم ابو بطيحان,0599268834,-0.25,منزلي - أسبوعي,20,ابراج (شارع الحسنات)
129615,علاء ناهض ابو شارب,0598822168,129.25,منزلي - أسبوعي,20,شواقفة ابو عبيدة
129616,وديع احمد حمدان,0592015201,30.00,منزلي - أسبوعي,20,
129617,عماد عبيد ابو محيسن,0595117585,56.50,منزلي - أسبوعي,20,حميدة
129618,حافظ سلمان درويش,0599756343,31.60,منزلي - أسبوعي,20,درويش مسجد السنة
129619,ياسر رياض خليل الشافعي,0596837940,0.15,منزلي - أسبوعي,20,شواقفة حارة الشافعي
132412,سليمان كمال فياض,0566261010,42.90,منزلي - أسبوعي,20,المغبرة
132441,محمد ناهد بدوي,0592105311,27.10,منزلي - أسبوعي,20,زهرة الربيع
132442,تقي الدين عبد الله عبيد ابو عرقود,0595141642,35.00,منزلي - أسبوعي,20,شواقفة ابو عبيدة
132449,نضال حسن محمد خطاب,0599737704,66.00,منزلي - أسبوعي,20,ابراج (جنوب الدباح)
132602,سامر اشرف محمود اللوح,0592163017,113.00,منزلي - أسبوعي,20,مدارس جديد
132729,نبهان عبد الله حسين البابلي,0596103777,171.40,منزلي - أسبوعي,20,ابراج (جنوب الدباح)
132866,محمد اشرف محمد ابو جبارة,0593279985,26.80,منزلي - أسبوعي,20,ابو رحمة
132868,محمد حسن محمد درويش,0597340188,62.10,منزلي - أسبوعي,20,مدارس جديد
132919,احمد جمال عليان علي,0562020286,224.60,منزلي - أسبوعي,60,حميدة
132926,سامية يوسف سليم العر,0597814017,21.00,منزلي - أسبوعي,20,ابو عمرة
132980,عبد الرحمن يعقوب الشريناوي,0594843270,-0.05,منزلي - أسبوعي,20,ابراج (مسجد النور)
133084,مروان ناصر الدردساوي,0596391076,36.00,منزلي - أسبوعي,20,الطلع
133103,محمود عماد احمد ابو جبل,0593681227,-0.20,منزلي - أسبوعي,60,شواقفة ابو عبيدة
133123,نعيم حسن سعد,0599043387,101.90,منزلي - أسبوعي,20,زهرة الربيع
133126,هادي عبد الرحمن احمد ابو خالد,0599622836,0.20,منزلي - أسبوعي,60,الحوالدة
133128,حسام خليل محمد الشاعر,0599466376,91.20,منزلي - أسبوعي,20,الحوالدة
133130,محمد نبيل سلمان ابو بطيحان,0596191873,41.80,منزلي - أسبوعي,20,الحوالدة
133135,عبد الرحمن إبراهيم يعقوب,0597817548,63.41,منزلي - أسبوعي,20,الشهابي
133142,جعفر حماد سليمان الرابعة,0599244649,70.00,منزلي - أسبوعي,20,الحوالدة
133146,حماد سلمان سليمان الرابعة,0592661804,59.80,منزلي - أسبوعي,20,الحوالدة
133147,منير سعيد عباس,0599841547,0.00,منزلي - أسبوعي,20,شواقفة ابو عبيدة
133160,رمزي محمد محمود ابو جبارة,0599707489,80.90,منزلي - أسبوعي,20,الحوالدة
133162,رامز إبراهيم حسن ابو جبارة,0599309727,-34.90,منزلي - أسبوعي,20,الحوالدة
133163,رشدي عليان سالم خطاب,0596664180,40.70,منزلي - أسبوعي,20,الحوالدة
133168,سامر منذر سلامة النجار,0592203169,68.60,منزلي - أسبوعي,20,الحوالدة
133163,اسمهان موسى عليان ابو داود,0599854623,20.20,منزلي - أسبوعي,20,الحوالدة
133166,بسمة رجب مكين ابو هنونة,0598668436,305.99,منزلي - أسبوعي,20,الحوالدة
133168,زكي احمد محمد ابو عمرة,0595466232,65.70,منزلي - أسبوعي,20,الحوالدة
133208,متنقل 8,,0.00,منزلي - أسبوعي,0,
133260,صبري يوسف محمد ابو رحمة,0598778378,24.00,منزلي - أسبوعي,20,ابو رحمة
133266,ضياء محمد محمود ابو شنب,0599226169,40.00,منزلي - أسبوعي,20,ابو عمرة
133366,حسين يوسف النجار,0594914548,0.35,منزلي - أسبوعي,20,مدارس جديد
133386,عبد العزيز إبراهيم مطر,0597406883,-0.60,منزلي - أسبوعي,20,الشهابي
133468,محمد علي محمود الخطيب,0592264275,87.50,منزلي - أسبوعي,20,ابراج (شارع الحسنات)
133542,بسام عبد ربه صالح ابوشاويش,0599726328,50.00,منزلي - أسبوعي,20,
133646,عبد الله ناهض نوفل,0599346129,33.00,منزلي - أسبوعي,20,ابراج (جنوب الدباح)
133567,بسام عبد ربه صالح ابو شاويش,0599726328,44.50,منزلي - أسبوعي,20,ابراج (جنوب الدباح)
133693,متنقل 1,,219.00,منزلي - أسبوعي,0,
133647,فراس محمد ابو شاويش,0596705603,54.00,منزلي - أسبوعي,20,ابو هويشل
133648,متنقل 5,0597284148,0.00,منزلي - أسبوعي,0,
133726,مصطفى حامد محمود الصيداوي,0599445809,177.00,منزلي - أسبوعي,60,ابو هويشل
133737,صالح حسن صالح نصر الله,0567813000,159.50,منزلي - أسبوعي,20,الادبراج (شمال الدباح)
133831,متنقل 3 فاز,,0.00,منزلي - أسبوعي,0,
133833,علي عبد المجيد علي البنا,0599302389,86.50,منزلي - أسبوعي,20,درويش مسجد السنة
133996,محمد وليد ديب محارب,0592644120,20.00,منزلي - أسبوعي,20,النادي الأهلي
134019,اسحاق زهير ابوشكيان,0596251696,71.00,منزلي - أسبوعي,20,الحملاوي
134024,عاهد إبراهيم سالم مطر,0599622431,19.50,منزلي - أسبوعي,20,شرق العشرين
134027,عزام يوسف عبد ابو زيد,0567362221,0.00,منزلي - أسبوعي,20,شواقفة حارة الشافعي
134032,عمر يوسف الحمارنة,0598111215,60.00,منزلي - أسبوعي,20,الحاج
134101,رامي إبراهيم حسن ابو جبارة,0599769118,0.10,منزلي - أسبوعي,0,الحوالدة
134295,نمر أمين يوسف الفريز,0599953089,67.25,منزلي - أسبوعي,20,ابو عمرة
134336,علاء نايف الحاج,0599730262,-72.25,منزلي - أسبوعي,20,مكتبة خالد
134354,تحسين فتحي احمد حمدان,0599462772,66.50,منزلي - أسبوعي,20,ابراج (جنوب الدباح)
134388,عمر علي محمد الحسنات,0592678121,24.50,منزلي - أسبوعي,20,ابراج (شارع الحسنات)
134489,عبد الرحيم جبر الشلح,0566220000,876.00,منزلي - أسبوعي,20,شواقفة ابو عبيدة
134514,غازي عبد الله محمد ابو جُويعل,0599344120,37.60,منزلي - أسبوعي,20,الحوالدة
134612,احمد صالح خضر العرايلي,0592816000,157.65,منزلي - أسبوعي,20,ابو در
134641,صهيب يونس موسى,0597664427,272.50,منزلي - أسبوعي,20,ابو عمرة
134667,مهند مجدي السلول,0599746482,92.50,منزلي - أسبوعي,20,ابو عمرة
134675,عبد الرحمن الشلح,,0.00,منزلي - أسبوعي,20,
134707,هشام محمد سلطان الطلع,0598701262,53.60,منزلي - أسبوعي,20,ابراج (شارع الحسنات)
134737,مجدي انور صالحة,0599772736,20.60,منزلي - أسبوعي,20,ابو رحمة
134738,ثائر العراشي,0598697422,78.00,منزلي - أسبوعي,20,ابو رحمة
134740,سامي أحمد محمود الدسمر,0599881173,27.00,منزلي - أسبوعي,20,الشهابي
134770,ياسر محمد محمود سرور ( بركس بيدس),0599992180,-0.60,منزلي - أسبوعي,20,المكتب
135607,مصطفى عبد القادر رمضان,0598190680,15.00,منزلي - أسبوعي,20,الابراج
135661,مصطفى سامي احمد حماد,0598934242,193.50,منزلي - أسبوعي,20,شرق العشرين
135663,علي سلامة سلمان ابو بطيحان,0567843622,99.00,منزلي - أسبوعي,20,ابراج (شارع الحسنات)
135692,وسام كمال الحداد,0598481672,50.00,منزلي - أسبوعي,20,ابو در
136868,رائد عيسى عطيه الدحدوح,0599956238,16.96,منزلي - أسبوعي,20,الحملاوي
137045,محمود اشرف مقداد,0599909460,0.60,منزلي - أسبوعي,20,مكتبة خالد
137127,محمود طلال الحاج,0597121777,0.00,منزلي - أسبوعي,20,زهرة الربيع
139928,معتصم خليل زيدان مشمش,0597853564,44.50,منزلي - أسبوعي,20,المغبي
139967,محمد حسن محمد ابو رحمة (البيت),0598277419,57.00,منزلي - أسبوعي,20,ابو رحمة
139968,صبحي حسن ابو رحمة,0592300114,66.50,منزلي - أسبوعي,20,ابو رحمة
140289,احمد فتحي دويدار,0597268662,10.60,منزلي - أسبوعي,0,مكتبة خالد
140298,متنقل 7,,295.00,منزلي - أسبوعي,0,
140300,محمود سهيل الحاج ( محل 2),0598969420,697.00,منزلي - أسبوعي,100,ابو در
140332,لدي,,-0.00,منزلي - شهري,0,
140666,حسين عطية محمد الحويطي,0594126307,63.60,منزلي - أسبوعي,20,دوار ابو انور
140661,بيان عصام الشافعي,0597661028,100.60,منزلي - أسبوعي,60,الشهابي
144348,مهند حسين حماد ثابت,0596269694,90.00,منزلي - أسبوعي,20,ابو عمرة
144350,ادم نعيم دويدار,0596498801,60.50,منزلي - أسبوعي,20,مكتبة خالد
144366,شحادة احمد شحادة العويني,0596376014,27.00,منزلي - أسبوعي,20,زهرة الربيع
144372,فداء احمد نمر التلولي,0598286961,0.00,منزلي - أسبوعي,20,شواقفة حارة الشافعي
144488,محمد ياسر سلامة عمار,0599775528,50.00,منزلي - أسبوعي,20,ابو عمرة
144489,احمد عبد السلام طوطح,0596665703,20.00,منزلي - أسبوعي,20,شارع القدس
144519,محمد عبد المطلب رجب الحاج,0592288725,0.60,منزلي - أسبوعي,20,مدارس جديد
144798,عبد العظيم محمود صبح,0599861049,18.00,منزلي - أسبوعي,20,ارض الحلو
144812,خضر جابر محمود علي,0599498336,20.00,منزلي - أسبوعي,20,شارع ابو عمار
144818,محمد عبد الحافظ حسين الخالدي,0598816106,0.00,منزلي - أسبوعي,20,النادي الأهلي
144899,سلامة احمد دويدار (بيت),0592969450,36.00,منزلي - أسبوعي,20,زهرة الربيع
144902,سعيد خضر ابو محيسن,0592246597,19.80,منزلي - أسبوعي,20,دوار ريان
144909,هدى إبراهيم زايد ابو سنيلمة,0596339763,0.00,منزلي - أسبوعي,20,زهرة الربيع
146007,عيسى علي محمود العصار,0598882267,-0.45,منزلي - أسبوعي,20,دوار ابو انور
146223,إبراهيم جهاد الفيومي,0592491403,102.00,منزلي - أسبوعي,160,زهرة الربيع
146241,كرم محمد حسن جودة,0566060692,312.00,منزلي - أسبوعي,20,الشهابي
146264,ماهر شفيق حسن قفة,0592182747,66.00,منزلي - أسبوعي,20,الحملاوي
146267,خليل إبراهيم ابو هدة,0597118169,20.00,منزلي - أسبوعي,20,دوار ريان
145396,محمد أحمد اسماعيل أحمد,0598884639,0.00,منزلي - أسبوعي,20,
145399,سامح خليفة (الدفاع المدني),0592033886,-0.60,منزلي - أسبوعي,20,شارع ابو عمار
145401,محمد سفيان كراجة,0599773520,66.50,منزلي - أسبوعي,20,صبح
145404,احمد سهيل الحاج,0592866666,20.50,منزلي - أسبوعي,20,الحاج
145405,محمد وليد مصطفى ابو مدلله,0592266566,303.00,منزلي - أسبوعي,20,الحاج
145406,ماهر عطوة الشافعي,0598982495,99.50,منزلي - أسبوعي,60,مدارس جديد
145526,محمد احمد اسماعيل احمد,0598884639,217.60,منزلي - أسبوعي,20,الحاج
145530,امير علي شاهين,0594929312,29.50,منزلي - أسبوعي,20,النادي الأهلي
145542,غانية محمد فوزي كوتر,0597880846,50.00,منزلي - أسبوعي,20,
145543,محمود محمد يوسف ابوطاحون,0599630130,113.50,منزلي - أسبوعي,20,ارض الحلو
145669,اشرف جمال محمد سلامة(رعاية الطالب ),0597687231,48.00,منزلي - أسبوعي,20,شارع ابو عمار
145682,عبدالله علي عبد القادر حميدة,0599416190,45.00,منزلي - أسبوعي,20,درويش عاشور
145639,سليمان زايد سليمان الشافعي,0598261791,21.00,منزلي - أسبوعي,20,الشهابي
145641,جهاد زايد سليمان الشافعي (البيت),0597716136,60.50,منزلي - أسبوعي,20,الشهابي
145643,باسل زايد سليمان الشافعي,0594021094,42.50,منزلي - أسبوعي,20,الشهابي
145668,محمود عامر طلال الدخرس,0599629669,113.00,منزلي - أسبوعي,20,الطلع
145692,طارق محمد المصري,0599701263,69.00,منزلي - أسبوعي,20,ابو عمرة
145708,انس محمد مسعود القوطي,0596666708,93.00,منزلي - أسبوعي,20,ابو رحمة
145840,رائد خليل جدوع ابو مراحل (مخيم العاصمة),0592155721,65.00,منزلي - أسبوعي,20,الحملاوي
145842,رائد خليل ابومراحل,0592155721,50.00,منزلي - أسبوعي,20,الحملاوي
145866,فايز نعمان محمد الدحدوح,0596197176,0.00,منزلي - أسبوعي,200,النادي الأهلي
146963,محمد فؤاد إبراهيم ابو شرار,0599449123,50.00,منزلي - أسبوعي,60,الحاج
146966,عبدالله محمد عبد الله جودة,0568711141,24.00,منزلي - أسبوعي,20,ابراج (مسجد النور)
147017,احمد تيسير حمدي السويسي,0597231635,50.00,منزلي - أسبوعي,20,مدارس جديد
147233,محمد حسن محمود الدسمر,0599981275,200.50,منزلي - أسبوعي,20,الحملاوي
147310,احمد محمد علي الديراوي,0597711629,0.00,منزلي - أسبوعي,20,شواقفة حارة الشافعي
147321,احمد معين احمد ابوندي,0599099591,69.50,منزلي - أسبوعي,20,شارع ابو عمار
147451,محمد شفيق ابوشاويش,0597557515,-0.50,منزلي - أسبوعي,20,ابو عمرة
147462,محمد حسين عبد الغرايلي,0597271466,32.50,منزلي - أسبوعي,20,زهرة الربيع
147465,عبد الله علي علي شاهين,0599321808,126.00,منزلي - أسبوعي,20,ابراج (جنوب الدباح)
147470,محمد اسامة جميل جبر ( ورشة جبر للالمنيوم),0599561880,604.00,منزلي - أسبوعي,100,الشهابي
147603,اشرف كمال القصاص,0599694047,0.00,منزلي - أسبوعي,20,ابو عمرة
147683,عوني إدريس موسى ابو لحية,0592603499,50.00,منزلي - أسبوعي,20,ابراج (جنوب الدباح)
147803,حسام عبد الله حسن كراز,0599420127,215.50,منزلي - أسبوعي,20,شارع القدس
147853,محمد عبد الله موسى شاهين (3),0598876573,88.00,منزلي - أسبوعي,20,الدباح (شمال الدباح)
147869,عمرو محمد شحدة الحاج,0597635567,209.60,منزلي - أسبوعي,20,شارع ابو عمار
148210,كايد كمال سالم العطش,0599102079,176.00,منزلي - أسبوعي,20,ابراج (شارع الحسنات)
148241,محمود ماجد محمد النمروطي,0592932001,68.50,منزلي - أسبوعي,20,حميدة
148245,محمود سعدي محمد ابوحمادة,0594040691,0.00,منزلي - أسبوعي,20,ابو عمرة
148246,محمد خالد إبراهيم ابوزايد,0599022337,26.00,منزلي - أسبوعي,20,مدارس جديد
148322,ياسر يوسف الحاج,0594567129,245.00,منزلي - أسبوعي,20,مكتبة خالد
